artists,title,link
Lofi Records,1 A.M Chill Session,https://lofigirl.com/wp-content/uploads/2023/05/synthwave-compilation.zip
Lofi Records,1 Am. Study Session,https://lofigirl.com/wp-content/uploads/2022/10/1-A.M-Study-Session.zip
Lofi Records,12 Am. Study Session,https://lofigirl.com/wp-content/uploads/2022/11/12AMStudySession.zip
Lofi Records,2 A.M Chill Session,https://lofigirl.com/wp-content/uploads/2023/09/2-am-chill-session.zip
Lofi Records,2 Am. Study Session,https://lofigirl.com/wp-content/uploads/2022/10/2-AM-Study-Session.zip
Lofi Records,3 Am. Study Session,https://lofigirl.com/wp-content/uploads/2022/11/3-am-study-session.zip
Lofi Records,4 Am. Study Session,https://lofigirl.com/wp-content/uploads/2022/11/4-A.M-Study-Session.zip
towerz  hi jude,A Bridge Between,https://lofigirl.com/wp-content/uploads/2022/11/A-bridge-Between.zip
Laffey,A Day At A Time,https://lofigirl.com/wp-content/uploads/2022/11/A-Day-at-a-time.zip
BluntOne  Baen Mow,A Day in the Life,https://lofigirl.com/wp-content/uploads/2022/11/Bluntone-x-Bean-Mow-A-Day-in-the-Life.zip
tender spring  blurred figures,A Friendly Warmth,https://lofigirl.com/wp-content/uploads/2022/10/A-Friendly-Warmth.zip
cxlt.  Nuver,A Moment Away,https://lofigirl.com/wp-content/uploads/2022/11/cxlt.-Nuver-A-Moment-Away.zip
Dinis,"a piece of my heart, for you",https://lofigirl.com/wp-content/uploads/2023/09/a-piece-of-my-heart-for-you.zip
Nadav Cohen,A place above heaven,https://lofigirl.com/wp-content/uploads/2022/11/MP3-aMess-A-place-above-heaven.zip
BVG,A Spirit‚Äôs Tale,https://lofigirl.com/wp-content/uploads/2022/11/MP3-BVG-A-Spirits-Tale.zip
kainbeats,A Walk Through the Sky,https://lofigirl.com/wp-content/uploads/2022/10/Kainbeats-A-Walk-Through-the-Sky-.zip
Krynoze,A World After,https://lofigirl.com/wp-content/uploads/2022/10/MP3-Krynoze-A-World-After.zip
DaniSogen,A World of Illusion,https://lofigirl.com/wp-content/uploads/2022/10/MP3-DaniSogen-A-World-of-Illusion.zip
Purrple Cat,Adventure Island,https://lofigirl.com/wp-content/uploads/2022/11/MP3-Purrple-Cat-Adventure-Island.zip
Dimension32,Aeolia,https://lofigirl.com/wp-content/uploads/2022/11/Dimension-32-Aeolia.zip
Akraa  Virtua,Aether,https://lofigirl.com/wp-content/uploads/2023/07/Aether.zip
mell-√∏  Ambulo,Afloat Again,https://lofigirl.com/wp-content/uploads/2022/10/Afloat-Again.zip
cxlt.  amies,After All,https://lofigirl.com/wp-content/uploads/2022/11/amies-x-cxlt.-After-All.zip
Blue Wednesday,After Hours,https://lofigirl.com/wp-content/uploads/2022/11/After-Hours.zip
DLJ/Blumen,After Life,https://lofigirl.com/wp-content/uploads/2022/11/DLJ-After-Life.zip
Living Room,After Sunset,https://lofigirl.com/wp-content/uploads/2022/11/MP3-Living-Room-After-Sunset-1.zip
Laffey,After The Rain,https://lofigirl.com/wp-content/uploads/2022/10/MP3-Laffey-After-The-Rain.zip
Living Room,After The Rainbow,https://lofigirl.com/wp-content/uploads/2022/10/Living-Room-After-The-Rainbow.zip
Lofi Records,Afternoon Jazz,https://lofigirl.com/wp-content/uploads/2022/11/Afternoon-Jazz.zip
Flovry  tender spring,Ages Ago,https://lofigirl.com/wp-content/uploads/2022/11/Ages-Ago.zip
Phlocalyst/Drxnk  Satyr,Aiode,https://lofigirl.com/wp-content/uploads/2022/11/Satyr-x-Phlocalyst-Aiode.zip
Hoogway  Softy,Alley Of Trees,https://lofigirl.com/wp-content/uploads/2022/11/MP3-HoogWay-x-Softy-Alley-of-Trees.zip
Mondo Loops  Charlee,Amidst the Seven Seas,https://lofigirl.com/wp-content/uploads/2022/10/Charlee-x-Mondo-Loops-Amidst-the-Seven-Seas.zip
kainbeats,Angelic,https://lofigirl.com/wp-content/uploads/2022/10/Angelic.zip
Softy  Dimension32,Another Life,https://lofigirl.com/wp-content/uploads/2022/11/softy-x-Dimension-32-Another-Life.zip
Loafy Building,Aquilla,https://lofigirl.com/wp-content/uploads/2023/07/Aquilla.zip
Dreamfield  Goson,Arcadia,https://lofigirl.com/wp-content/uploads/2023/05/goson-x-dreamfield.zip
Nadav Cohen,Are we okay?,https://lofigirl.com/wp-content/uploads/2022/11/aMess-Are-we-okay.zip
Phlocalyst/Drxnk  Satyr,Argo,https://lofigirl.com/wp-content/uploads/2022/11/Argo.zip
Dosi  Wishes and Dreams(Orca),Arodasio,https://lofigirl.com/wp-content/uploads/2023/02/Arodasio.zip
Ticofaces,Ash,https://lofigirl.com/wp-content/uploads/2023/05/Ash.zip
Downtown Binary,Astral,https://lofigirl.com/wp-content/uploads/2023/05/Astral.zip
towerz  edelwize,At Long Last,https://lofigirl.com/wp-content/uploads/2022/11/MP3-Towerz-At-Long-Last.zip
kainbeats,Atlantis,https://lofigirl.com/wp-content/uploads/2022/11/Kainbeats-Atlantis.zip
Downtown Binary,Aurora,https://lofigirl.com/wp-content/uploads/2023/05/Aurora.zip
BluntOne,Autumn in Budapest,https://lofigirl.com/wp-content/uploads/2022/10/Autumn-in-Budapest.zip
bhxa,Ayla,https://lofigirl.com/wp-content/uploads/2022/11/Bhxa-Ayla.zip
Miramare  Cl√©ment Matrat,Azure Blue,https://lofigirl.com/wp-content/uploads/2022/10/Azure-Blue.zip
Solar Body  Lawrence Walther,Back to Nature,https://lofigirl.com/wp-content/uploads/2023/02/Back-to-Nature.zip
Elior/Aylior/Epona,Ballerina,https://lofigirl.com/wp-content/uploads/2022/11/MP3-Epona-Ballerina.zip
Tibeauthetraveler  Banks,Barbados,https://lofigirl.com/wp-content/uploads/2022/11/Barbados.zip
Cosmic Koala  Lucid Keys,Beautiful Days,https://lofigirl.com/wp-content/uploads/2023/01/Beautiful-days.zip
Hoogway,Beauty In All Forms,https://lofigirl.com/wp-content/uploads/2022/11/Beauty-in-all-Forms.zip
brillion,Bedtime Stories Pt. 2,https://lofigirl.com/wp-content/uploads/2022/10/bedtime-stories-pt-2.zip
brillion,Bedtime Stories Pt. 3,https://lofigirl.com/wp-content/uploads/2022/10/Bedtime-Stories-Pt.-3.zip
brillion,Bedtime Stories Pt.4,https://lofigirl.com/wp-content/uploads/2023/09/Bedtime-story-pt-4.zip
jhove,Been Thinking,https://lofigirl.com/wp-content/uploads/2022/10/Been-Thinking.zip
Softy  Otis  Lucid Keys,Before It Snows,https://lofigirl.com/wp-content/uploads/2022/10/Softy-Before-it-snows.zip
hevi,"Before It‚Äôs Late, Pt. 2",https://lofigirl.com/wp-content/uploads/2022/11/MP3-Hevi-Before-Its-Late-Pt.-2.zip
hevi,Before It‚Äôs Late,https://lofigirl.com/wp-content/uploads/2022/11/before-its-late.zip
Dillan Witherow/juniorodeo,Before Sunrise,https://lofigirl.com/wp-content/uploads/2022/11/Before-Sunrise.zip
GERO - Gerardo Millan,Before the stars ‚ú®,https://lofigirl.com/wp-content/uploads/2024/01/Before-the-stars.zip
jhove,Before You Go,https://lofigirl.com/wp-content/uploads/2022/10/Before-You-Go.zip
Aimless  Dillan Witherow/juniorodeo  iamalex,Beginnings,https://lofigirl.com/wp-content/uploads/2022/11/Beginnings.zip
Softy  Laffey,Belonging,https://lofigirl.com/wp-content/uploads/2022/11/MP3-Laffey-x-Softy-Belonging.zip
Lofi Girl,Best Of 2023,https://lofigirl.com/wp-content/uploads/2024/01/Best-of-2023.zip
Sweet Medicine  Mujo,Better Days,https://lofigirl.com/wp-content/uploads/2022/11/MP3-Mujo-x-Sweet-Medicine-Better-Days.zip
marsquake  Satyr,Better Together,https://lofigirl.com/wp-content/uploads/2024/01/Better-Together.zip
No spirit,Between Worlds,https://lofigirl.com/wp-content/uploads/2022/10/No-Spirit-Between-Worlds.zip
steezy prime,Beyond the Pines,https://lofigirl.com/wp-content/uploads/2022/11/beyond-the-pines.zip
Le Metroid,Black Hole,https://lofigirl.com/wp-content/uploads/2023/11/Black-Hole.zip
kainbeats,Blindsighted,https://lofigirl.com/wp-content/uploads/2022/11/MP3-kainbeats-blindsighted.zip
Lofi Records,Blissful Dreams,https://lofigirl.com/wp-content/uploads/2023/05/Blissful-Dreams.zip
dr niar  ENRA,Blue Hour,https://lofigirl.com/wp-content/uploads/2022/11/MP3-ENRA-x-dr.-niar-Blue-Hour.zip
Lucie Cravero  HoK√∏,Blue Note,https://lofigirl.com/wp-content/uploads/2023/10/Blue-note.zip
Globuldub,Blue Woods,https://lofigirl.com/wp-content/uploads/2022/11/Blue-Woods.zip
Loafy Building,Butterflies,https://lofigirl.com/wp-content/uploads/2022/11/Loafy-Building-Butterflies.zip
xander,"Cabin Fever, Pt. 2",https://lofigirl.com/wp-content/uploads/2022/10/MP3-xander-Cabin-Fever-Pt.2.zip
xander,Cabin Fever Pt.3,https://lofigirl.com/wp-content/uploads/2023/01/Cabin-fever-pt3.zip
xander,Cabin Fever,https://lofigirl.com/wp-content/uploads/2022/11/Cabin-Fever.zip
Living Room,Calm Land,https://lofigirl.com/wp-content/uploads/2023/04/Calm-Land.zip
Sleepermane  ENRA,Calm Lands,https://lofigirl.com/wp-content/uploads/2022/10/Calm-Lands.zip
Glimlip  Louk,Can We Talk,https://lofigirl.com/wp-content/uploads/2022/11/Can-We-Talk.zip
Tibeauthetraveler,Cascades,https://lofigirl.com/wp-content/uploads/2022/10/Tibeauthetraveler-Cascades.zip
Refeeld  Project AER,Chance Encounter,https://lofigirl.com/wp-content/uploads/2022/10/Chance-Encounter.zip
Mondo Loops  Bcalm,Changing Times,https://lofigirl.com/wp-content/uploads/2023/01/Changing-Times.zip
Allem Iversom/Harris Cole  dontcry,Chapter Two,https://lofigirl.com/wp-content/uploads/2023/07/Chapter-two.zip
Leavv/Ivylake,Cloud Shapes,https://lofigirl.com/wp-content/uploads/2022/11/MP3-Leavv-Cloud-Shapes.zip
enluv,Cloud Studies,https://lofigirl.com/wp-content/uploads/2022/11/Cloud-Studies.zip
BluntOne,Cloud Surfing,https://lofigirl.com/wp-content/uploads/2022/10/Cloud-Surfing.zip
HM Surf,Cocobolo,https://lofigirl.com/wp-content/uploads/2022/10/Cocobolo.zip
Nothingtosay,Cold Thoughts,https://lofigirl.com/wp-content/uploads/2022/10/Nothingtosay-Cold-Thoughts.zip
Fatb,Conscious Ego,https://lofigirl.com/wp-content/uploads/2022/10/conscious-ego-1.zip
dryhope/Mavine,Contrasts,https://lofigirl.com/wp-content/uploads/2022/10/Contrasts.zip
Lofi Records,Cozy Winter,https://lofigirl.com/wp-content/uploads/2022/11/Cozy-Winter.zip
Yasumu/Plant Guy,Creating Memories,https://lofigirl.com/wp-content/uploads/2022/11/MP3-Yasumu-Creating-Memories.zip
Thaehan,CREEPSHOW,https://lofigirl.com/wp-content/uploads/2023/11/CREEPSHOW.zip
xander,Daydreaming,https://lofigirl.com/wp-content/uploads/2022/11/Daydreaming.zip
M e a d o w,Days Of Tomorrow,https://lofigirl.com/wp-content/uploads/2022/11/Days-of-Tomorrow.zip
Peak Twilight,Departure,https://lofigirl.com/wp-content/uploads/2022/11/Departure.zip
Emil Rottmayer,Descend,https://lofigirl.com/wp-content/uploads/2023/06/Descend.zip
gCoope,Desired Views,https://lofigirl.com/wp-content/uploads/2023/06/Desired-views.zip
Akƒ´n  Living Room,Directions,https://lofigirl.com/wp-content/uploads/2022/11/Akin-x-Living-Room-Directions.zip
amies,Discoveries,https://lofigirl.com/wp-content/uploads/2022/11/amies-Discoveries.zip
Blue Wednesday,Discovery,https://lofigirl.com/wp-content/uploads/2022/10/Discovery.zip
no one's perfect,Discrete Landscapes,https://lofigirl.com/wp-content/uploads/2022/10/no-ones-perfect-Discrete-Landscapes.zip
Tibeauthetraveler,Distance Love,https://lofigirl.com/wp-content/uploads/2022/11/MP3-Tibeauthetraverler-Distance-Love.zip
Softy,Distant Images,https://lofigirl.com/wp-content/uploads/2022/11/Distant-Images.zip
Purrple Cat,Distant Worlds II,https://lofigirl.com/wp-content/uploads/2022/11/Purrple-Cat-Distant-Worlds-II.zip
Purrple Cat,Distant Worlds III,https://lofigirl.com/wp-content/uploads/2023/01/Distant-World-III.zip
Purrple Cat,Distant Worlds,https://lofigirl.com/wp-content/uploads/2022/10/Distant-Worlds.zip
Late Era/Oatmello,Dove,https://lofigirl.com/wp-content/uploads/2022/10/Dove.zip
Chau Sara,Down Hill,https://lofigirl.com/wp-content/uploads/2023/10/down-hills.zip
Chris Mazuera/SLo Loris,Dozing,https://lofigirl.com/wp-content/uploads/2022/10/Dozing.zip
jhove,Dream Tapes,https://lofigirl.com/wp-content/uploads/2022/11/MP3-Jhove-dream-tapes.zip
Living Room,Dreamcatcher,https://lofigirl.com/wp-content/uploads/2023/09/Dreamcatcher.zip
Dreamfield  Goson,Dreams of Angels,https://lofigirl.com/wp-content/uploads/2022/11/Goson-x-Dreamfield-Dreams-Of-Angels.zip
kyu,Dreamscapes,https://lofigirl.com/wp-content/uploads/2022/11/MP3-Kayou-Dreamscapes.zip
Sleepermane,Dreamtime,https://lofigirl.com/wp-content/uploads/2022/10/Sleepermane-Dreamtime.zip
kainbeats  hevi,Drifting Away,https://lofigirl.com/wp-content/uploads/2022/10/Drifting-away.zip
Recalibration Machine  Less Gravity  Lawrence Walther,Dune Days,https://lofigirl.com/wp-content/uploads/2023/09/Dune-Days.zip
Claudia Lessing  Dario Lessing  kanisan,Edda,https://lofigirl.com/wp-content/uploads/2023/01/Edda.zip
Bcalm,Elements,https://lofigirl.com/wp-content/uploads/2022/11/MP3-Bcalm-Elements.zip
KioKo,Enchanted Forest,https://lofigirl.com/wp-content/uploads/2023/11/Enchanted-Forest.zip
DaniSogen,Enchantments,https://lofigirl.com/wp-content/uploads/2022/11/MP3-DaniSogen-Enchantments.zip
Phlocalyst/Drxnk,End of the Road,https://lofigirl.com/wp-content/uploads/2023/04/End-of-the-road.zip
Hoogway,Equation Of Time,https://lofigirl.com/wp-content/uploads/2022/10/Hoogway-Equation-of-Time.zip
Aimless  Elijah Lee,Escapade,https://lofigirl.com/wp-content/uploads/2022/10/Escapade.zip
Yasumu/Plant Guy,Escaping Reality,https://lofigirl.com/wp-content/uploads/2022/10/Yasumu-Escaping-Reality.zip
Juli√†n,Eternal Youth,https://lofigirl.com/wp-content/uploads/2023/02/Eternal-Youth.zip
ornithology,Ethereal Nights,https://lofigirl.com/wp-content/uploads/2022/11/MP3-SCayos-Ethereal-Nights.zip
Osaki,Evergarden,https://lofigirl.com/wp-content/uploads/2022/11/Osaki-Evergarden.zip
WYS  Sweet Medicine,Evermore,https://lofigirl.com/wp-content/uploads/2022/11/Evermore.zip
Kurt Stewart/Kayba  Lomme,Explore,https://lofigirl.com/wp-content/uploads/2022/10/Kayba-x-Lomme-Explore-.zip
Lucid Keys,faded,https://lofigirl.com/wp-content/uploads/2023/11/Faded.zip
Claudia Lessing  Dario Lessing  Tibeauthetraveler,Fairy Tales,https://lofigirl.com/wp-content/uploads/2023/11/Fairy-tales.zip
jhove,falling dreams,https://lofigirl.com/wp-content/uploads/2022/11/Falling-Dreams.zip
Lucid Keys,Fantasia,https://lofigirl.com/wp-content/uploads/2023/02/Fantasia.zip
Casiio,Far Off,https://lofigirl.com/wp-content/uploads/2022/11/Casiio-Far-Off.zip
Eugenio Izzi,Feel Free To Imagine,https://lofigirl.com/wp-content/uploads/2022/11/Feel-free-to-imagine.zip
Pandrezz,Feelin Better,https://lofigirl.com/wp-content/uploads/2022/11/MP3-Pandrezz-Feelin-Better.zip
Bcalm  Banks,Feelings Pt.2,https://lofigirl.com/wp-content/uploads/2022/10/Bcalm-x-Banks-Feelings-Pt.2.zip
Bcalm  Banks,Feelings,https://lofigirl.com/wp-content/uploads/2022/11/Feelings.zip
Krynoze  Juli√†n,Finding Answers,https://lofigirl.com/wp-content/uploads/2023/02/Finding-anwsers.zip
kainbeats,Finding Beauty,https://lofigirl.com/wp-content/uploads/2022/11/Finding-Beauty.zip
Another Silent Weekend  blurred figures,finding comfort,https://lofigirl.com/wp-content/uploads/2022/11/MP3-Blurred-figured-x-another-silent-weekend-finding-comfort.zip
kainbeats,Finding Light,https://lofigirl.com/wp-content/uploads/2023/01/Finding-Light.zip
m√∏ndberg  BVG,Floating Dreams,https://lofigirl.com/wp-content/uploads/2022/11/Floating-Dreams.zip
Lawrence Walther,Floating into Serenity,https://lofigirl.com/wp-content/uploads/2022/10/Lawrence-Walther-Floating-into-Serenity.zip
lilac,Florist,https://lofigirl.com/wp-content/uploads/2022/10/Florist.zip
Bcalm,For You,https://lofigirl.com/wp-content/uploads/2022/11/Bcalm-For-You.zip
Mondo Loops,Forest Kingdom,https://lofigirl.com/wp-content/uploads/2022/10/Mondo-Loops-Foret-Kingdom.zip
xander,Forest Of Dreams,https://lofigirl.com/wp-content/uploads/2022/11/xander.-Forest-Of-Dreams.zip
Mondo Loops,Forest Tales,https://lofigirl.com/wp-content/uploads/2022/11/MP3-Mondo-Loops-Forest-Tales.zip
Hoogway,Forever Ago,https://lofigirl.com/wp-content/uploads/2022/10/Forever-Ago.zip
Laffey,Forever Changing,https://lofigirl.com/wp-content/uploads/2022/10/Forever-Changing.zip
vhsdreamers,Foudroie,https://lofigirl.com/wp-content/uploads/2023/06/vhsdreamers.zip
Hoogway,Fragments Of The Moon,https://lofigirl.com/wp-content/uploads/2023/07/Fragments-Of-The-Moon.zip
Softy,Frozen Lands,https://lofigirl.com/wp-content/uploads/2023/09/Frozen-Lands.zip
a[way],Frozen Roses,https://lofigirl.com/wp-content/uploads/2022/10/Frozen-Roses.zip
SPEECHLESS,Future Feelings,https://lofigirl.com/wp-content/uploads/2022/10/Future-feelings.zip
kalaido,Ghosts of the Floating World,https://lofigirl.com/wp-content/uploads/2022/11/Ghost-of-the-Floating-World.zip
BVG,Gilded Voyage,https://lofigirl.com/wp-content/uploads/2023/04/bvg-gilded.zip
Yestalgia,Glowing,https://lofigirl.com/wp-content/uploads/2023/05/Glowing.zip
Mondo Loops,Golden Age,https://lofigirl.com/wp-content/uploads/2023/11/Golden-Age.zip
fourwalls  jhove,Golden Hour,https://lofigirl.com/wp-content/uploads/2022/11/Golden-Hour.zip
Project AER,Growth Patterns,https://lofigirl.com/wp-content/uploads/2022/11/Growth-Pattern.zip
steezy prime,Half past three,https://lofigirl.com/wp-content/uploads/2023/06/steezy.zip
Lofi Records,Halloween 2023 üéÉ,https://lofigirl.com/wp-content/uploads/2023/10/halloween-2023.zip
No spirit,Happy Moments,https://lofigirl.com/wp-content/uploads/2022/10/No-Spirit-Happy-Moments-.zip
Dosi,Haunted Castle,https://lofigirl.com/wp-content/uploads/2023/01/Haunted-Castle.zip
AJMW,Heading Home,https://lofigirl.com/wp-content/uploads/2022/10/Heading-Home.zip
Team Astro,Hidden Treasure,https://lofigirl.com/wp-content/uploads/2022/10/Team-Astro-Hidden-Treasure.zip
Tatami Construct,Hidden World,https://lofigirl.com/wp-content/uploads/2022/10/Tatami-Construct-Hidden-World.zip
Loafy Building,High Flying,https://lofigirl.com/wp-content/uploads/2022/11/High-Flying.zip
L'Outlander,Homeland,https://lofigirl.com/wp-content/uploads/2022/11/Homeland.zip
Thaehan,Hourglass,https://lofigirl.com/wp-content/uploads/2022/11/Hourglass.zip
Team Astro,Hush,https://lofigirl.com/wp-content/uploads/2022/10/Hush.zip
Chiccote's Beats,Illusion,https://lofigirl.com/wp-content/uploads/2022/10/Illusion.zip
Rudy Raw,Imagenero,https://lofigirl.com/wp-content/uploads/2022/11/MP3-Rudy-Raw-Imagenero.zip
Kinissue,Imperfect,https://lofigirl.com/wp-content/uploads/2022/11/Kinissue-Imperfect.zip
Sleepermane,In Between Cycles,https://lofigirl.com/wp-content/uploads/2022/10/Sleepermane-In-Between-Cycles.zip
Yasumu/Plant Guy,In Harmony With Nature,https://lofigirl.com/wp-content/uploads/2022/11/Plant-Guy-In-Harmony-With-Nature.zip
ENRA,In Motion,https://lofigirl.com/wp-content/uploads/2022/10/In-Motion.zip
Blue Wednesday,In My Head,https://lofigirl.com/wp-content/uploads/2022/10/MP3-Blue-Wednesday-In-My-Head.zip
DaniSogen,In Search of Peace,https://lofigirl.com/wp-content/uploads/2022/11/In-search-of-peace.zip
hevi  H.1,Indigo Night,https://lofigirl.com/wp-content/uploads/2022/10/H.1-x-Hevi-Indigo-Night.zip
dryhope/Mavine,Inference,https://lofigirl.com/wp-content/uploads/2022/11/MP3-Mavine-Inference.zip
Bcalm,Innocence,https://lofigirl.com/wp-content/uploads/2022/10/Bcalm-Innoncence.zip
TABAL,Inside Space,https://lofigirl.com/wp-content/uploads/2022/10/Inside-Space.zip
Nothingtosay,Introspective,https://lofigirl.com/wp-content/uploads/2022/10/Introspective.zip
HoK√∏,Jazz in Tokyo,https://lofigirl.com/wp-content/uploads/2023/09/Jazz-in-Tokyo.zip
Glimlip  dontcry,Jiro Dreams,https://lofigirl.com/wp-content/uploads/2022/10/Jiro-Dreams.zip
Project AER,Journals,https://lofigirl.com/wp-content/uploads/2022/10/MP3-Project-AER-Journals.zip
Nuver,Kalopsia,https://lofigirl.com/wp-content/uploads/2022/10/Nuver-Kalopsia.zip
azayaka,Keeping Time,https://lofigirl.com/wp-content/uploads/2024/01/Keeping-Time.zip
dryhope/Mavine,Kenopsia,https://lofigirl.com/wp-content/uploads/2022/11/Kenopsia.zip
Azula  Dillan Witherow/juniorodeo,Kids,https://lofigirl.com/wp-content/uploads/2022/10/MP3-Dillan-Witherow-x-Azula-Kids.zip
Paxkalito  PBdR,Kind of Red,https://lofigirl.com/wp-content/uploads/2023/07/kind-of-red.zip
Kupla,Kingdom in Blue,https://lofigirl.com/wp-content/uploads/2022/10/Kingdom-in-Blue.zip
DLJ/Blumen,La Hague,https://lofigirl.com/wp-content/uploads/2022/11/La-Hague.zip
Tom Doolie,Land of Calm,https://lofigirl.com/wp-content/uploads/2022/11/Land-of-Calm.zip
lilac,Lanterns,https://lofigirl.com/wp-content/uploads/2022/10/Lanterns.zip
TABAL,Last Light,https://lofigirl.com/wp-content/uploads/2022/11/Last-Light-MP3.zip
Two Scents,Lately,https://lofigirl.com/wp-content/uploads/2023/01/Lately.zip
goosetaf,Latibule,https://lofigirl.com/wp-content/uploads/2022/11/Latibule.zip
kokoro  C4C,L'aventure EP,https://lofigirl.com/wp-content/uploads/2022/10/LAventure.zip
S N U G,Layover,https://lofigirl.com/wp-content/uploads/2022/10/MP3-S-N-U-G-Layover.zip
Lofi Records,Lazy Sunday,https://lofigirl.com/wp-content/uploads/2022/10/Lazy-Sunday-3.zip
Tibeauthetraveler  reysi,Leaving This Place,https://lofigirl.com/wp-content/uploads/2022/10/Tibeauthetraveler-x-reysi-Leaving-This-Place.zip
kanisan  Mau,Les jours d‚Äôapr√®s,https://lofigirl.com/wp-content/uploads/2022/10/Kanisan-x-Mau-Les-jours-dapres.zip
Kupla,Life Forms,https://lofigirl.com/wp-content/uploads/2022/10/Life-Forms.zip
Hoogway,Life Is For Living,https://lofigirl.com/wp-content/uploads/2024/01/Life-Is-For-Living.zip
Chau Sara,Lightsaber Bar,https://lofigirl.com/wp-content/uploads/2022/11/Chau-Sara-Lightsaber.zip
swink,Like a Necessity,https://lofigirl.com/wp-content/uploads/2023/04/Like-a-necessity.zip
m√∏ndberg,Living Free,https://lofigirl.com/wp-content/uploads/2022/11/mondberg-Living-Free.zip
Lofi Girl,Lofi Girl - Christmas 2023 üéÑ,https://lofigirl.com/wp-content/uploads/2024/01/Christmas-2023.zip
Lofi Records,Lonely Days,https://lofigirl.com/wp-content/uploads/2023/01/Lonely-Nights.zip
Squeeda,Lost World,https://lofigirl.com/wp-content/uploads/2022/11/MP3-Squeeda-Lost-World.zip
kudo,love you two,https://lofigirl.com/wp-content/uploads/2022/11/love-you-two.zip
Ticofaces,Lunar Isle,https://lofigirl.com/wp-content/uploads/2022/10/MP3-ticofaces-Lunar-Isle.zip
Loafy Building,Maru,https://lofigirl.com/wp-content/uploads/2022/10/Loafy-Building-Maru.zip
L'Outlander,Massa,https://lofigirl.com/wp-content/uploads/2022/11/MP3-Loutlander-Massa.zip
no one's perfect,Measures Of Time,https://lofigirl.com/wp-content/uploads/2022/11/no-ones-perfect-Measures-of-Time.zip
Raimu,Meditative Flow,https://lofigirl.com/wp-content/uploads/2022/10/MP3-Raimu-Mediative-Flow.zip
Tomcbumpz,Melodic Nostalgic,https://lofigirl.com/wp-content/uploads/2022/11/Melodic-Nostalgic.zip
Kupla,Melody Mountain,https://lofigirl.com/wp-content/uploads/2022/11/Melody-Mountain.zip
teafourtwo  No spirit,Memories We Made,https://lofigirl.com/wp-content/uploads/2022/11/Memories-we-made.zip
Living Room,Memories,https://lofigirl.com/wp-content/uploads/2022/11/Living-Room-Memories.zip
Ky Akasha,Memory Within A Dream,https://lofigirl.com/wp-content/uploads/2022/10/Memory-within-A-dream.zip
Downtown Binary,Metropolis,https://lofigirl.com/wp-content/uploads/2023/11/Metropolis.zip
Idylla,midnight at the lake,https://lofigirl.com/wp-content/uploads/2024/01/midnight-at-the-lake.zip
Softy  Mondo Loops,Midnight Gazing,https://lofigirl.com/wp-content/uploads/2022/11/Midnight-Gazing.zip
Late Night Tones,Midnight In Nashville,https://lofigirl.com/wp-content/uploads/2024/01/Midnight-In-Nashville.zip
Tenno,Mind Temple,https://lofigirl.com/wp-content/uploads/2022/10/Tenno-Mind-Temple.zip
nogymx,Mirage of the Mind,https://lofigirl.com/wp-content/uploads/2022/11/Nogymx-Mirage-of-the-Mind.zip
Yasumu/Plant Guy,Mirror of Time,https://lofigirl.com/wp-content/uploads/2022/11/Mirror-of-Time.zip
kanisan,"mist, shadows & i",https://lofigirl.com/wp-content/uploads/2022/10/Kanissan-mist-shadows-i.zip
noni,momentary,https://lofigirl.com/wp-content/uploads/2022/11/noni-momentary.zip
Hoogway  George Toft - Nowun,Moments To Keep,https://lofigirl.com/wp-content/uploads/2022/11/MP3-Hoogway-x-Nowun-Moments-To-Keep.zip
Leavv/Ivylake,Moonfern,https://lofigirl.com/wp-content/uploads/2022/11/Ivylake-Moonfern.zip
S N U G,Moonglow,https://lofigirl.com/wp-content/uploads/2022/11/Moonglow.zip
Worldtraveller  Max Merseny,Morning Coffee,https://lofigirl.com/wp-content/uploads/2023/04/Morning-coffee.zip
Lofi Records,Morning Coffee,https://lofigirl.com/wp-content/uploads/2022/11/Morning-Coffee.zip
Tibeauthetraveler,Motions,https://lofigirl.com/wp-content/uploads/2022/11/Motions.zip
Tibeauthetraveler,Moving On,https://lofigirl.com/wp-content/uploads/2023/01/Moving-on.zip
Dimension32,Mutations,https://lofigirl.com/wp-content/uploads/2022/12/Mutations.zip
Elijah Lee,My Memoir,https://lofigirl.com/wp-content/uploads/2022/11/Elijah-Lee-My-Memoir.zip
Juli√†n,Mysteries Of Life,https://lofigirl.com/wp-content/uploads/2024/01/Mysteries-Of-Life.zip
Tom Doolie,Naoko,https://lofigirl.com/wp-content/uploads/2022/10/Naoko.zip
Mondo Loops  L'aiguille,Nature‚Äôs Beauty,https://lofigirl.com/wp-content/uploads/2022/11/Mondo-Loops-x-Laiguille-Natures-Beauty.zip
Eugenio Izzi,Necessary Changes,https://lofigirl.com/wp-content/uploads/2022/11/eugenio-izzi-Necessary-Changes.zip
steezy prime,never alone,https://lofigirl.com/wp-content/uploads/2022/10/Steezy-prime-never-alone.zip
Osaki  Tibeauthetraveler,New Beginnings,https://lofigirl.com/wp-content/uploads/2022/10/MP3-Osaki-x-Thibeauthetraveler-New-Beginnings.zip
jhove,new beginnings,https://lofigirl.com/wp-content/uploads/2022/10/jhove-new-beginnings.zip
iamalex  Felty,New Day,https://lofigirl.com/wp-content/uploads/2022/11/iamlex-x-felty-New-Day.zip
Mindeliq  Neele Harder,New Horizons,https://lofigirl.com/wp-content/uploads/2022/10/MP3-Mindeliq-x-Neele-Harder-New-Horizons.zip
DLJ/Blumen,Night Emotions,https://lofigirl.com/wp-content/uploads/2022/10/Night-Emotions.zip
S N U G   Nuver,Nightfall,https://lofigirl.com/wp-content/uploads/2022/11/Nightfall.zip
Late Night Tones  Pierson Booth,Nights Like This,https://lofigirl.com/wp-content/uploads/2023/11/Nights-Like-This.zip
stream error  Lenny Loops,Noctilucent,https://lofigirl.com/wp-content/uploads/2023/02/Noctilucent.zip
cxlt.  amies,Nocturne,https://lofigirl.com/wp-content/uploads/2022/11/MP3-Amies-x-cxlt.-Nocturne.zip
Sleepermane  Casiio,Nomads,https://lofigirl.com/wp-content/uploads/2022/10/MP3-Casiio-x-Sleepermane-Nomads.zip
WYS,North Pole,https://lofigirl.com/wp-content/uploads/2022/10/North-Pole.zip
Sweet Medicine  Mujo,Nostalgia,https://lofigirl.com/wp-content/uploads/2022/10/Nostalgia.zip
swink,Notes From Yesterday,https://lofigirl.com/wp-content/uploads/2022/11/MP3-Swink-Notes-form-Yesterday.zip
amies,Oblivion,https://lofigirl.com/wp-content/uploads/2022/11/Oblivion.zip
dontcry  nokiaa,Odyssey,https://lofigirl.com/wp-content/uploads/2022/10/Odyssey.zip
bert,offline,https://lofigirl.com/wp-content/uploads/2022/11/MP3-Bert-offline.zip
slowburn,Old Feelings,https://lofigirl.com/wp-content/uploads/2024/01/Old-Feelings.zip
less.people,One Day It‚Äôs Over,https://lofigirl.com/wp-content/uploads/2022/10/One-day-its-over.zip
Another Silent Weekend  blurred figures,one particular moment,https://lofigirl.com/wp-content/uploads/2022/11/one-particular-moment.zip
L'Outlander,One Way Ticket,https://lofigirl.com/wp-content/uploads/2022/11/MP3-loutlander-One-Way-Ticket.zip
less.people,Online Mall Music,https://lofigirl.com/wp-content/uploads/2022/10/Online-Mall-Music.zip
ornithology,Ornithology,https://lofigirl.com/wp-content/uploads/2022/10/MP3-Ornithology-Ornithology.zip
Laffey,Out of Orbit,https://lofigirl.com/wp-content/uploads/2023/02/Out-of-Orbit.zip
epektase  j'san,outer space,https://lofigirl.com/wp-content/uploads/2022/11/outer-space.zip
Lucid Green  Softy,Overnight,https://lofigirl.com/wp-content/uploads/2022/10/MP3-softy-x-lucid-green-overnight.zip
seeyouthere  dontcry,Palette,https://lofigirl.com/wp-content/uploads/2023/10/palette.zip
Sleepermane  Casiio,Particles,https://lofigirl.com/wp-content/uploads/2022/11/Particles.zip
dontcry  Casiio,Passing By,https://lofigirl.com/wp-content/uploads/2022/11/Casiio-x-DontCry-Passing-By.zip
kainbeats,Path to Shing,https://lofigirl.com/wp-content/uploads/2023/11/Path-to-Shing.zip
Phlocalyst/Drxnk  Myr√≠ad,Patterns,https://lofigirl.com/wp-content/uploads/2023/07/Patterns.zip
Krynoze,Pawmises,https://lofigirl.com/wp-content/uploads/2022/10/Krynoze-Pawmises.zip
Kurt Stewart/Kayba  Lomme,Pegan Hill,https://lofigirl.com/wp-content/uploads/2022/11/Pegan-Hill.zip
goosetaf,Perpetual,https://lofigirl.com/wp-content/uploads/2022/10/Perpetual.zip
tender spring  Chris Mazuera/SLo Loris,Perspective,https://lofigirl.com/wp-content/uploads/2022/10/Perspective.zip
dontcry  nokiaa,Perspectives,https://lofigirl.com/wp-content/uploads/2022/11/MP3-Dontcry-x-Nokiaa-Perspectives.zip
Casiio  Elijah Lee,Phantasm,https://lofigirl.com/wp-content/uploads/2023/09/Phantasm.zip
DaniSogen,Place of Purity,https://lofigirl.com/wp-content/uploads/2023/04/Place-of-Purity.zip
Lenny Loops,Places,https://lofigirl.com/wp-content/uploads/2023/01/Places.zip
Protocols,Planetarium ü™ê,https://lofigirl.com/wp-content/uploads/2024/01/Planetarium.zip
Ambulo,Polar,https://lofigirl.com/wp-content/uploads/2022/11/Polar.zip
stream error,polaris,https://lofigirl.com/wp-content/uploads/2022/10/stream_error-polaris.zip
slowburn,Poles Apart üåô,https://lofigirl.com/wp-content/uploads/2024/01/Poles-Apart.zip
HM Surf,Pool Days,https://lofigirl.com/wp-content/uploads/2022/10/Pool-Days.zip
Celestial Alignment,Precious Moments,https://lofigirl.com/wp-content/uploads/2022/11/Precious-Moments.zip
S N U G,Purple Skies,https://lofigirl.com/wp-content/uploads/2022/11/Purple-Skies.zip
So.Lo  Goson,QuietPath,https://lofigirl.com/wp-content/uploads/2022/11/So.Lo-x-Goson-QuietPath.zip
S N U G,Quietude,https://lofigirl.com/wp-content/uploads/2022/11/MP3-S-N-U-G-Quietude.zip
TABAL,Rainy Days,https://lofigirl.com/wp-content/uploads/2022/10/MP3-TABAL-Rainy-Days.zip
Eugenio Izzi,Reflections in the moonlight,https://lofigirl.com/wp-content/uploads/2022/11/Reflections-in-the-moonlight.zip
Phlocalyst/Drxnk,Relatives,https://lofigirl.com/wp-content/uploads/2022/11/Relatives.zip
Pandrezz,Relief,https://lofigirl.com/wp-content/uploads/2022/10/Relief.zip
Lofi Records,Restful Holidays,https://lofigirl.com/wp-content/uploads/2023/09/summer-compilation.zip
trxxshed,Retro Colors,https://lofigirl.com/wp-content/uploads/2022/11/Retro-Colors.zip
Living Room,Rituals,https://lofigirl.com/wp-content/uploads/2022/11/Rituals.zip
TyLuv,River Glow,https://lofigirl.com/wp-content/uploads/2022/11/River-Glow.zip
TABAL,Riverside Sunset,https://lofigirl.com/wp-content/uploads/2022/11/TABAL-Riverside-Sunset.zip
Chris Mazuera/SLo Loris,Riverside,https://lofigirl.com/wp-content/uploads/2022/10/Riverside.zip
Phlocalyst/Drxnk  Mr. K√§fer,Roadwalks,https://lofigirl.com/wp-content/uploads/2022/10/Phlocalyst-x-Mr.-Kafer-Roadwalks-.zip
Osaki,Rooftop Memories,https://lofigirl.com/wp-content/uploads/2022/10/Osaki-Rooftop-Memories.zip
kanisan,R√ºya,https://lofigirl.com/wp-content/uploads/2022/10/Ruya.zip
eleven,Samsara,https://lofigirl.com/wp-content/uploads/2023/01/Samsara.zip
Drkmnd Production,Satellite Nights,https://lofigirl.com/wp-content/uploads/2022/10/Satellite-Nights.zip
Lawrence Walther  Tibeauthetraveler,Scenery,https://lofigirl.com/wp-content/uploads/2022/11/MP3-Tibeauthetraveler-x-lawrence-Scenery.zip
Kinissue,Sea Beams,https://lofigirl.com/wp-content/uploads/2022/11/MP3-Kinissue-Sea-Beams.zip
Ambulo,Sea Forest,https://lofigirl.com/wp-content/uploads/2022/11/Ambulo-Sea-Forest.zip
Softy  Wishes and Dreams(Orca),Secrets of Castle,https://lofigirl.com/wp-content/uploads/2023/01/Secret-of-Castle.zip
Ky Akasha,Seeing Beauty in Everything,https://lofigirl.com/wp-content/uploads/2022/10/MP3-Ky-akasha-Seeing-Beauty-in-Everything.zip
Loafy Building,Shelter,https://lofigirl.com/wp-content/uploads/2022/11/MP3-Loafy-Building-Shelter.zip
Softy  Kaspa.,Shifting Past,https://lofigirl.com/wp-content/uploads/2022/11/MP3-Kaspa.-x-Softy-Shifting-Past.zip
Softy  Pointy features  kanisan,Shine On,https://lofigirl.com/wp-content/uploads/2022/11/Shine-On.zip
Dimension32,Silent Emotions,https://lofigirl.com/wp-content/uploads/2022/10/MP3-Dimension-32-Silent-Emotions.zip
Mila Coolness,Silent River,https://lofigirl.com/wp-content/uploads/2022/10/Silent-River.zip
iamalex  Felty,Silk,https://lofigirl.com/wp-content/uploads/2022/11/MP3-iamalex-x-Felty-Silk.zip
Late Era/Oatmello,Simple Things,https://lofigirl.com/wp-content/uploads/2022/11/MP3-Oatmello-Simple-Things.zip
Sebastian Kamae / Intoku,Skylines,https://lofigirl.com/wp-content/uploads/2022/12/Skylines.zip
Aso/goodnyght,Sleep Cycles EP,https://lofigirl.com/wp-content/uploads/2022/11/MP3-Aso-Sleep-Cycles-EP.zip
Tenno,Sleeping Soul,https://lofigirl.com/wp-content/uploads/2024/01/Sleeping-Soul.zip
Lofi Records,Sleepless Night,https://lofigirl.com/wp-content/uploads/2022/11/Sleepless-Night.zip
LESKY,Sleepovers,https://lofigirl.com/wp-content/uploads/2022/11/MP3-LESKY-Sleepovers.zip
xander,Sleepwalking,https://lofigirl.com/wp-content/uploads/2023/07/Sleepwalking.zip
towerz,Solemn,https://lofigirl.com/wp-content/uploads/2022/11/Towerz-Solemn.zip
cxlt.  amies,Solitude,https://lofigirl.com/wp-content/uploads/2022/10/Solitude.zip
Softy,Sometimes I Wait for You,https://lofigirl.com/wp-content/uploads/2022/10/Sometimes-I-Wait-For-You.zip
cxlt.,Somewhere In Time,https://lofigirl.com/wp-content/uploads/2022/11/Somewhere-in-Time.zip
Kupla,Somewhere. Nowhere.,https://lofigirl.com/wp-content/uploads/2023/11/Somewhere.-Nowhere.zip
Raimu,Sons of the Dew,https://lofigirl.com/wp-content/uploads/2022/11/Sons-of-the-Dew.zip
Lofi Records,Soothing Breeze,https://lofigirl.com/wp-content/uploads/2022/11/MP3-Compilation-7-Soothing-Breeze.zip
spencer hunt,Sound Asleep,https://lofigirl.com/wp-content/uploads/2022/10/Sound-asleep.zip
WYS,South Pole,https://lofigirl.com/wp-content/uploads/2023/01/South-Pole.zip
tender spring,"Springtime, with friends",https://lofigirl.com/wp-content/uploads/2022/11/MP3-Tender-Spring-Springtime-with-friends.zip
fourwalls,Staring Contest,https://lofigirl.com/wp-content/uploads/2022/11/Staring-Contest.zip
kudo,Staring Through,https://lofigirl.com/wp-content/uploads/2022/10/Staring-Through.zip
xander  Tonion,Stories of Synergy,https://lofigirl.com/wp-content/uploads/2022/11/Tonion-x-xander.-stories-of-synergy.zip
Laffey,Summer Nights,https://lofigirl.com/wp-content/uploads/2022/10/Summer-Nights.zip
hi jude,Sun Swells,https://lofigirl.com/wp-content/uploads/2022/10/MP3-hi-jude-Sun-Swells.zip
Sinnr,Sunday Morning,https://lofigirl.com/wp-content/uploads/2022/11/sinnr-Sunday-Morning.zip
No spirit  Wishes and Dreams(Orca),Sunny Hill,https://lofigirl.com/wp-content/uploads/2023/01/Sunny-Hill.zip
Purrple Cat,Sweet Dreams,https://lofigirl.com/wp-content/uploads/2022/10/Sweet-Dreams.zip
Krynoze,Take A Paws,https://lofigirl.com/wp-content/uploads/2023/09/Take-a-Paws.zip
Nadav Cohen,Tales from Babylon,https://lofigirl.com/wp-content/uploads/2022/12/Tales-from-Babylon.zip
hevi,talking to myself,https://lofigirl.com/wp-content/uploads/2022/11/Hevi-Talking-to-myself.zip
BVG,Temple Garden,https://lofigirl.com/wp-content/uploads/2022/11/Temple-Garden.zip
Hoffybeats  Lenny Loops,Tender Memories,https://lofigirl.com/wp-content/uploads/2022/11/Tender-Memories.zip
Mondo Loops,Terrapin,https://lofigirl.com/wp-content/uploads/2022/10/Terrapin.zip
Another Silent Weekend  blurred figures,the art of noticing üè®,https://lofigirl.com/wp-content/uploads/2024/01/the-art-of-noticing.zip
WYS,The Bad Party,https://lofigirl.com/wp-content/uploads/2022/11/MP3-WYS-The-Bad-Party.zip
Softy  no one's perfect,The Beauty Around Us,https://lofigirl.com/wp-content/uploads/2022/10/The-Beatuty-Around-Us.zip
Pierson Booth,The Beginning,https://lofigirl.com/wp-content/uploads/2023/09/The-Beginning.zip
Softy,The Breeze,https://lofigirl.com/wp-content/uploads/2022/11/softy-The-Breeze.zip
Softy,The Day I Passed,https://lofigirl.com/wp-content/uploads/2022/11/Softy-The-Day-I-Passed.zip
DaniSogen,The Gate to Serenity,https://lofigirl.com/wp-content/uploads/2022/10/DaniSogen-The-Gate-to-Serenity.zip
Tenno,The Inner Light,https://lofigirl.com/wp-content/uploads/2022/11/MP3-Tenno-The-Inner-Light.zip
Virtua,The Last Descent ‚òÑÔ∏è,https://lofigirl.com/wp-content/uploads/2024/01/The-Last-Descent.zip
Dimension32,The Legend of Orpheus,https://lofigirl.com/wp-content/uploads/2023/09/The-Legend-of-Orpheus.zip
DaniSogen,The Magic Unfolds,https://lofigirl.com/wp-content/uploads/2022/11/DaniSogen-The-Magic-Unfolds.zip
Charlee,The meaning of love,https://lofigirl.com/wp-content/uploads/2023/05/The-meaning-of-love.zip
Alto  Two Scents  Lenny Loops,The Ocean,https://lofigirl.com/wp-content/uploads/2023/11/The-Ocean.zip
Solar Body,The Otherworldüå≤,https://lofigirl.com/wp-content/uploads/2024/01/The-Otherworld.zip
Tenno,The Prophecy,https://lofigirl.com/wp-content/uploads/2022/10/The-Prophecy.zip
C4C,The Pursuit of Simplicity EP,https://lofigirl.com/wp-content/uploads/2022/11/The-pursuit-of-Simplicity.zip
Kinissue,The Realization,https://lofigirl.com/wp-content/uploads/2023/09/The-Realization.zip
Allem Iversom/Harris Cole,The Ridge,https://lofigirl.com/wp-content/uploads/2022/10/The-Ridge.zip
towerz  hi jude,The Shallows,https://lofigirl.com/wp-content/uploads/2022/11/MP3-hi-jude-x-towerz-the-shallows.zip
Raimu,The Spirit Within,https://lofigirl.com/wp-content/uploads/2022/10/Raimu-The-Spirit-Within.zip
Kaspa.,The Story,https://lofigirl.com/wp-content/uploads/2022/11/The-Story.zip
Cosmic Koala  Lucid Keys,The Tale Of The Druids,https://lofigirl.com/wp-content/uploads/2023/01/The-Tale-Of-The-Druids.zip
WYS  Sweet Medicine,The Way Back,https://lofigirl.com/wp-content/uploads/2022/11/MP3-WYS-x-Sweet-Medicine-The-Way-Back.zip
kokoro,The Way Home,https://lofigirl.com/wp-content/uploads/2022/10/Kokoro-The-Way-Home.zip
Hoogway,Thin Lines,https://lofigirl.com/wp-content/uploads/2022/10/Thin-Lines.zip
mell-√∏,thinking about you,https://lofigirl.com/wp-content/uploads/2022/10/mell-o-thinking-about-you.zip
Team Astro,Three of Us,https://lofigirl.com/wp-content/uploads/2022/11/Team-Astro-Three-of-Us.zip
DLJ/Blumen,Time Capsule,https://lofigirl.com/wp-content/uploads/2022/11/MP3-DLJ-Time-Capsule.zip
dontcry  nokiaa,Time In Motion,https://lofigirl.com/wp-content/uploads/2022/11/Time-in-Motion.zip
chief.,Time Remembered,https://lofigirl.com/wp-content/uploads/2022/10/Time-Remembered.zip
mell-√∏,Time To Go,https://lofigirl.com/wp-content/uploads/2022/11/MP3-mell-o-Time-To-Go.zip
Chau Sara,Time Travel,https://lofigirl.com/wp-content/uploads/2022/10/MP3-Chau-Sara-Time-Travel.zip
xander,Timeless Melodies üçÑ,https://lofigirl.com/wp-content/uploads/2024/01/Timeless-Melodies.zip
dontcry  Bcalm,times we had,https://lofigirl.com/wp-content/uploads/2023/07/times-we-had.zip
Prithvi,Timescapes : Longer Nights,https://lofigirl.com/wp-content/uploads/2022/11/Prithvi-Timescapes.Longer-Nights.zip
jisatsu  Nadav Cohen,To the moon and back,https://lofigirl.com/wp-content/uploads/2022/10/aMess-x-jisatsu-To-the-moon-and-back-.zip
Sweet Medicine  Krynoze,Tomorrow Comes,https://lofigirl.com/wp-content/uploads/2022/11/Krynoze-x-Sweet-Medicine-Tomorrow-Comes.zip
,Tomorrows That Follow,https://lofigirl.com/wp-content/uploads/2022/10/Tomorrows-That-Follow.zip
G Mills,Tranquility,https://lofigirl.com/wp-content/uploads/2022/10/Tranquility.zip
Squeeda,Transform,https://lofigirl.com/wp-content/uploads/2023/02/Transform.zip
Tibeauthetraveler,Travel Buddies,https://lofigirl.com/wp-content/uploads/2022/11/Tibeauthetraveler-Travel-Buddies.zip
Team Astro,Travelers,https://lofigirl.com/wp-content/uploads/2022/11/Travelers.zip
Sleepermane  Casiio,Underneath,https://lofigirl.com/wp-content/uploads/2022/10/Underneath.zip
Sleepermane  Casiio,Unexplored,https://lofigirl.com/wp-content/uploads/2022/10/Casiio-x-Sleepermane-Unexplored.zip
Sleepermane,Unfolding,https://lofigirl.com/wp-content/uploads/2022/11/Sleepermane-Unfloding.zip
Yasumu/Plant Guy,Unravel,https://lofigirl.com/wp-content/uploads/2022/12/Unravel.zip
Yasumu/Plant Guy,Until Forever,https://lofigirl.com/wp-content/uploads/2022/10/Until-Forever.zip
towerz,Until Tomorrow,https://lofigirl.com/wp-content/uploads/2022/10/Until-Tomorrow.zip
kyu,Until we meet again,https://lofigirl.com/wp-content/uploads/2022/10/Kayou.-Until-we-meet-again-.zip
Elijah Lee,Vanishing Journey,https://lofigirl.com/wp-content/uploads/2022/11/Vanishing-Journey.zip
Khutko,Violet,https://lofigirl.com/wp-content/uploads/2022/11/Violet.zip
Sebastian Kamae / Intoku  Elior/Aylior/Epona,Vondelpark,https://lofigirl.com/wp-content/uploads/2022/10/Vondelpark.zip
Elior/Aylior/Epona,Walls,https://lofigirl.com/wp-content/uploads/2022/10/Walls.zip
Yasumu/Plant Guy,Way of Life,https://lofigirl.com/wp-content/uploads/2022/10/Way-of-Life.zip
Sleepermane  Sling Dilly,Weightless,https://lofigirl.com/wp-content/uploads/2022/11/Sling-Dilly-x-Sleepermane-Weightless.zip
lilac,When I Dreamt of You,https://lofigirl.com/wp-content/uploads/2022/11/When-I-dreamt-of-You.zip
hevi,When I‚Äôm Gone,https://lofigirl.com/wp-content/uploads/2022/10/MP3-Hevi-When-im-Gone.zip
Tesk / Nvmb.,Wilderness,https://lofigirl.com/wp-content/uploads/2022/11/Wilderness.zip
L'Outlander,Willpower,https://lofigirl.com/wp-content/uploads/2022/11/LOutlander-Willpower.zip
takeo (aka Tysu)  spencer hunt,Window Seat,https://lofigirl.com/wp-content/uploads/2022/10/Window-Seat.zip
spencer hunt,Windy City,https://lofigirl.com/wp-content/uploads/2022/10/MP3-Spencer-Hunt-Windy-City.zip
hevi  H.1,Winter Getaway,https://lofigirl.com/wp-content/uploads/2023/01/Winter-Getaway.zip
Dr dundiff,Winter Love,https://lofigirl.com/wp-content/uploads/2022/11/Winter-Love.zip
Casiio,Wondering,https://lofigirl.com/wp-content/uploads/2022/11/Wondering.zip
Sitting Duck,Wonderland Chapter 1,https://lofigirl.com/wp-content/uploads/2022/10/Wonderland-Chapter-1.zip
Sitting Duck,Wonderland Chapter II,https://lofigirl.com/wp-content/uploads/2022/11/Wonderland-Chapter-II.zip
Flitz&Suppe  Mr. K√§fer,Y≈çkai,https://lofigirl.com/wp-content/uploads/2022/10/Yokai.zip
cxlt.,Your Light,https://lofigirl.com/wp-content/uploads/2022/10/cxlt.-Your-Light-.zip
Sebastian Kamae / Intoku  Elior/Aylior/Epona,Zero,https://lofigirl.com/wp-content/uploads/2022/10/Zero.zip
